2093,2097,2099,2103,2111,2112,2115,2124,2126,2127,2128,2218,2221,2225,2237
1660,1685,1686,1688,1703,1704,1708,1723,1724,1729,1730,1749,1751,1762,1770
2193,2198,2199,2200,2211,2212,2219,2224,2229,2231,2232,2312,2313,2316,2320
2868
2041,2065,2067,2073,2081,2082,2089,2098,2102,2104,2192,2195,2196,2202
1481,1487,1488,1493,1494,1496,1504,1505,1507,1508,1607,1610,1615
1949,1954,1955,1965,1966,1967,1976,1989,1991,1995,1996,2092,2094,2101,2107
1776,1783,1784,1786,1792,1793,1799,1804,1809,1813,1815,1912,1913,1925,1937
2437,2455,2456,2462,2469,2470,2478,2479,2484,2486,2531,2532,2542,2553
2453,2471,2472,2473,2475,2476,2481,2488,2490,2491,2557,2558,2559,2568
2049,2063,2064,2074,2083,2085,2088,2100,2105,2106,2205,2207,2210,2217
2239,2243,2245,2254,2257,2258,2279,2288,2290,2293,2294,2365,2366,2369,2374
2420,2427,2428,2429,2438,2439,2449,2452,2457,2459,2510,2512,2517
1895,1905,1908,1918,1921,1926,1932,1933,2039,2040,2046,2048
2264,2280,2282,2287,2299,2300,2302,2303,2305,2306,2376,2379,2382,2386
2204,2213,2214,2215,2222,2223,2227,2230,2233,2234,2321,2323,2331,2338
2724,2736,2738,2743,2748,2750,2754,2757,2760,2761,2770,2771,2773,2775
1516,1536,1539,1546,1550,1551,1564,1575,1578,1579,1580,1658,1659,1667,1675
2530,2546,2548,2554,2564,2566,2576,2579,2582,2583,2584,2636,2639,2642,2650
2174,2190,2242,2246,2251,2255,2260,2265,2269,2272,2340,2341,2345,2350
2483,2500,2502,2506,2507,2513,2515,2570,2571,2575,2585
1545,1553,1567,1571,1581,1583,1591,1592,1593,1594,1678,1679,1695
2161,2175,2178,2179,2188,2189,2197,2201,2206,2208,2209,2296,2297,2304,2310
1986,2001,2002,2009,2021,2023,2027,2028,2029,2034,2117,2118,2121,2129
2133,2148,2150,2154,2164,2165,2170,2180,2182,2185,2186,2284,2285,2286,2295
2704,2709,2710,2711,2714,2717,2725,2737,2739,2744,2745,2755,2758,2759,2762
1871,1883,1884,1891,1899,1900,1906,1915,1917,1924,1927,2012,2013,2019,2022
1372,1385,1387,1395,1412,1413,1419,1429,1431,1433,1434,1499,1500,1506,1514
1998,2014,2015,2018,2031,2035,2047,2058,2069,2076,2078,2139,2140,2151,2159
1960,1963,1964,1970,1977,1978,1994,2003,2005,2007,2008,2109,2110,2114,2116
2756,2766,2767,2768,2774,2776,2778,2780,2782,2784,2785,2786,2788,2794
1973,1993,2052,2061,2071,2072,2077,2084,2095,2096,2173,2177,2187,2191
2556,2560,2561,2563,2577,2578,2589,2591,2593,2594,2595,2652,2654,2655,2656
2671,2679,2680,2681,2690,2691,2696,2697,2698,2699,2719,2720,2723
1807,1816,1822,1823,1832,1833,1842,1843,1846,1848,1951,1952,1953,1957
1503,1519,1520,1523,1537,1538,1549,1554,1559,1561,1563,1631,1632,1649,1656
2777,2787,2789,2790,2792,2793,2796,2801,2803,2804,2805,2806,2807,2811,2814
1938,1942,1943,1945,1956,1958,1972,1979,1981,1983,1985,2050,2051,2066,2087
1790,1800,1801,1802,1805,1806,1818,1824,1826,1830,1838,1939,1940,1941,1947
1361,1373,1374,1376,1391,1393,1401,1403,1407,1409,1490,1491,1498
2519,2533,2535,2540,2550,2552,2562,2565,2569,2572,2574,2620,2621,2629,2634
2119,2135,2136,2142,2146,2147,2156,2157,2158,2160,2248,2249,2256,2261
1629,1661,1662,1663,1680,1682,1692,1694,1699,1700,1835,1836,1844,1855
2401,2405,2408,2416,2432,2433,2435,2440,2445,2447,2495,2496,2499,2508
1677,1701,1702,1706,1709,1711,1718,1719,1722,1726,1727,1775,1780,1782,1787
2311,2317,2318,2319,2326,2327,2337,2344,2348,2349,2351,2419,2422,2431,2434
2815,2823,2824,2828,2831,2832,2833,2835,2839,2840,2841,2843,2845,2846
1616,1636,1637,1641,1644,1646,1654,1670,1673,1681,1683,1808,1811,1814,1817
2651,2664,2665,2666,2676,2677,2686,2687,2688,2689,2705,2706,2708,2716
2847,2852,2853,2854,2855,2856,2858,2859,2861,2862,2863,2864,2865,2866,2867
2024,2038,2043,2045,2053,2054,2059,2068,2079,2080,2162,2163,2168,2171
1396,1404,1405,1410,1421,1422,1440,1447,1449,1454,1456,1542,1543,1547,1555
2220,2235,2236,2238,2252,2253,2268,2273,2277,2278,2352,2353,2359,2364
1312,1315,1316,1319,1321,1324,1332,1348,1352,1356,1358,1381,1382,1398,1415
1837,1851,1853,1854,1859,1860,1863,1865,1867,1868,1974,1975,1984
1734,1738,1741,1747,1754,1759,1764,1765,1857,1858,1864,1869
1320,1334,1380,1384,1389,1390,1397,1399,1406,1408,1479,1480,1482,1489
1821,1825,1829,1834,1839,1840,1847,1849,1850,1852,1959,1961,1969,1971
2367,2372,2373,2377,2383,2384,2392,2406,2409,2417,2424,2436,2442,2448,2450
2468,2477,2485,2489,2497,2498,2509,2514,2516,2518,2586,2588,2590,2598
2609,2613,2614,2615,2622,2623,2635,2638,2640,2641,2672,2673,2678,2682
1497,1512,1513,1521,1522,1524,1528,1531,1534,1540,1544,1557,1560,1562,1565
2339,2342,2343,2347,2355,2356,2357,2358,2360,2361,2451,2454,2465
1558,1566,1630,1635,1639,1640,1645,1650,1653,1657,1732,1733,1742,1748
2141,2152,2153,2155,2166,2167,2172,2176,2183,2184,2263,2267,2276,2283
1584,1595,1597,1601,1602,1603,1614,1623,1625,1626,1627,1714,1715,1728,1731
2375,2380,2381,2385,2393,2394,2400,2412,2421,2425,2426,2482,2487,2492,2493
2718,2726,2727,2728,2741,2742,2747,2749,2751,2752,2763,2764,2765,2769
1492,1495,1501,1502,1509,1510,1515,1527,1529,1533,1535,1617,1618,1621,1628
1856,1861,1862,1866,1873,1874,1878,1885,1888,1892,1893,1987,1988,1992,1997
2389,2418,2423,2430,2441,2443,2446,2458,2460,2463,2464,2520,2521,2525,2529
1314,1329,1330,1331,1342,1345,1364,1368,1369,1375,1383,1441,1442,1450,1460
2494,2503,2504,2505,2522,2523,2527,2538,2541,2543,2544,2600,2602,2603,2606
1608,1619,1620,1622,1633,1634,1651,1664,1666,1674,1676,1789,1794,1798,1803
2693,2701,2702,2707,2712,2713,2722,2729,2731,2732,2733,2734,2735,2746,2753
1570,1572,1573,1577,1587,1588,1600,1604,1609,1611,1612,1697,1698,1705,1710
1311,1325,1326,1328,1333,1337,1340,1357,1359,1362,1363,1416,1417,1426,1439
2820,2821,2822,2825,2826,2827,2830,2836,2838,2842,2844,2848,2849,2850,2851
2011,2016,2017,2020,2032,2033,2044,2055,2056,2070,2075,2132,2134,2137,2138
1696,1712,1717,1721,1735,1736,1745,1752,1755,1761,1767,1870,1872,1875,1877
1465,1470,1471,1475,1476,1477,1483,1484,1485,1486,1598,1599,1605
1713,1737,1740,1744,1757,1758,1769,1771,1777,1779,1879,1881,1882,1894
1642,1643,1647,1655,1668,1669,1684,1687,1689,1691,1693,1819,1820,1828,1831
2322,2324,2325,2328,2329,2330,2332,2333,2334,2336,2402,2404,2410,2415
1911,1930,1931,1934,1935,1936,1944,1946,1948,1950,1999,2000,2006,2010
2637,2648,2649,2653,2659,2660,2662,2667,2669,2674,2675,2694,2695,2700,2703
2772,2781,2783,2791,2797,2798,2800,2808,2810,2812,2813,2816,2817,2818,2819
2587,2596,2597,2601,2604,2605,2617,2625,2627,2630,2631,2657,2658,2663,2670
2354,2362,2363,2368,2370,2371,2391,2397,2403,2411,2413,2466,2467,2474,2480
1313,1317,1318,1323,1335,1336,1344,1346,1351,1353,1354,1355,1367,1377
1411,1427,1428,1430,1436,1437,1451,1464,1469,1472,1473,1585,1586,1589,1596
1341,1365,1366,1370,1378,1379,1386,1388,1392,1394,1462,1463,1474,1478
2108,2120,2122,2123,2130,2131,2143,2144,2145,2149,2240,2241,2244,2247
2511,2526,2528,2534,2536,2537,2545,2547,2549,2551,2607,2608,2618,2619
1750,1760,1763,1766,1773,1774,1781,1785,1791,1795,1796,1896,1897,1904,1910
1322,1339,1418,1420,1423,1424,1435,1438,1444,1445,1517,1518,1525,1541
1880,1887,1889,1890,1898,1901,1909,1919,1920,1928,1929,2025,2026,2030,2037
2599,2611,2612,2616,2624,2626,2633,2643,2645,2646,2647,2683,2684,2685,2692
2250,2270,2275,2281,2291,2292,2301,2307,2309,2314,2315,2387,2388,2395,2398
1443,1452,1453,1455,1457,1458,1459,1461,1467,1468,1568,1569,1574,1582
