Event Id,Chip Name,Timestamp,Item Id
1358RR,disposeShelf,2017-12-15 10:46:18,68r
1401RR,disposeShelf,2017-12-15 11:14:18,80r
1417RR,disposeShelf,2017-12-15 11:23:18,41r
1430RR,disposeShelf,2017-12-15 11:33:18,72r
1444RR,disposeShelf,2017-12-15 11:41:18,44r
1511RR,disposeShelf,2017-12-15 12:29:18,24r
1802RR,disposeShelf,2017-12-15 15:21:18,73r
1817RR,disposeShelf,2017-12-15 15:31:18,28r
1830RR,disposeShelf,2017-12-15 15:40:18,19r
1859RR,disposeShelf,2017-12-15 16:00:18,95r
1875RR,disposeShelf,2017-12-15 16:13:18,10r
1905RR,disposeShelf,2017-12-15 16:33:18,94r
1909RR,disposeShelf,2017-12-15 16:36:18,61r
1919RR,disposeShelf,2017-12-15 16:41:18,6r
1953RR,disposeShelf,2017-12-15 17:01:18,2r
1962RR,disposeShelf,2017-12-15 17:07:18,36r
1969RR,disposeShelf,2017-12-15 17:12:18,18r
1973RR,disposeShelf,2017-12-15 17:14:18,82r
1991RR,disposeShelf,2017-12-15 17:30:18,23r
2000RR,disposeShelf,2017-12-15 17:37:18,17r
2003RR,disposeShelf,2017-12-15 17:39:18,78r
2009RR,disposeShelf,2017-12-15 17:42:18,69r
2011RR,disposeShelf,2017-12-15 17:43:18,40r
2020RR,disposeShelf,2017-12-15 17:47:18,25r
2027RR,disposeShelf,2017-12-15 17:51:18,81r
2035RR,disposeShelf,2017-12-15 17:57:18,71r
2038RR,disposeShelf,2017-12-15 17:59:18,54r
2040RR,disposeShelf,2017-12-15 18:00:18,53r
2043RR,disposeShelf,2017-12-15 18:01:18,39r
2046RR,disposeShelf,2017-12-15 18:03:18,11r
2049RR,disposeShelf,2017-12-15 18:05:18,65r
2050RR,disposeShelf,2017-12-15 18:07:18,89r
2051RR,disposeShelf,2017-12-15 18:07:18,57r
2055RR,disposeShelf,2017-12-15 18:10:18,8r
2061RR,disposeShelf,2017-12-15 18:14:18,5r
2065RR,disposeShelf,2017-12-15 18:17:18,1r
2069RR,disposeShelf,2017-12-15 18:20:18,56r
2073RR,disposeShelf,2017-12-15 18:22:18,66r
2078RR,disposeShelf,2017-12-15 18:24:18,59r
2079RR,disposeShelf,2017-12-15 18:26:18,97r
2081RR,disposeShelf,2017-12-15 18:28:18,30r
2086RR,disposeShelf,2017-12-15 18:31:18,55r
2091RR,disposeShelf,2017-12-15 18:34:18,52r
2093RR,disposeShelf,2017-12-15 18:35:18,34r
2094RR,disposeShelf,2017-12-15 18:35:18,79r
2098RR,disposeShelf,2017-12-15 18:38:18,74r
2103RR,disposeShelf,2017-12-15 18:41:18,99r
2105RR,disposeShelf,2017-12-15 18:44:18,20r
2108RR,disposeShelf,2017-12-15 18:46:18,9r
2111RR,disposeShelf,2017-12-15 18:48:18,51r
2114RR,disposeShelf,2017-12-15 18:49:18,70r
2118RR,disposeShelf,2017-12-15 18:53:18,67r
2120RR,disposeShelf,2017-12-15 18:55:18,29r
2125RR,disposeShelf,2017-12-15 18:58:18,47r
2127RR,disposeShelf,2017-12-15 18:59:18,12r
2132RR,disposeShelf,2017-12-15 19:02:18,27r
2135RR,disposeShelf,2017-12-15 19:05:18,85r
2136RR,disposeShelf,2017-12-15 19:05:18,63r
2155RR,disposeShelf,2017-12-15 19:16:18,87r
2173RR,disposeShelf,2017-12-15 19:28:18,64r
2252RR,disposeShelf,2017-12-15 20:19:18,88r
2258RR,disposeShelf,2017-12-15 20:24:18,92r
2264RR,disposeShelf,2017-12-15 20:28:18,15r
2266RR,disposeShelf,2017-12-15 20:30:18,96r
2283RR,disposeShelf,2017-12-15 20:42:18,21r
2288RR,disposeShelf,2017-12-15 20:46:18,84r
2290RR,disposeShelf,2017-12-15 20:47:18,0r
2295RR,disposeShelf,2017-12-15 20:51:18,68r
2296RR,disposeShelf,2017-12-15 20:52:18,80r
2303RR,disposeShelf,2017-12-15 20:57:18,60r
2306RR,disposeShelf,2017-12-15 20:59:18,77r
2308RR,disposeShelf,2017-12-15 21:02:18,37r
2315RR,disposeShelf,2017-12-15 21:08:18,49r
2317RR,disposeShelf,2017-12-15 21:09:18,14r
2327RR,disposeShelf,2017-12-15 21:15:18,86r
2330RR,disposeShelf,2017-12-15 21:19:18,90r
2336RR,disposeShelf,2017-12-15 21:23:18,62r
2364RR,disposeShelf,2017-12-15 22:02:18,72r
2367RR,disposeShelf,2017-12-15 22:04:18,44r
2401RR,disposeShelf,2017-12-15 22:36:18,24r
2403RR,disposeShelf,2017-12-15 22:38:18,50r
2423RR,disposeShelf,2017-12-15 22:50:18,41r
2447RR,disposeShelf,2017-12-15 23:14:18,33r
2451RR,disposeShelf,2017-12-15 23:18:18,16r
2458RR,disposeShelf,2017-12-15 23:23:18,27r
2468RR,disposeShelf,2017-12-15 23:33:18,75r
2496RR,disposeShelf,2017-12-16 00:06:18,28r
2525RR,disposeShelf,2017-12-16 00:29:18,19r
2543RR,disposeShelf,2017-12-16 00:46:18,7r
2552RR,disposeShelf,2017-12-16 00:54:18,73r
2569RR,disposeShelf,2017-12-16 01:11:18,26r
2574RR,disposeShelf,2017-12-16 01:13:18,61r
2579RR,disposeShelf,2017-12-16 01:21:18,46r
2590RR,disposeShelf,2017-12-16 01:35:18,6r
2605RR,disposeShelf,2017-12-16 01:57:18,36r
2637RR,disposeShelf,2017-12-16 02:30:18,58r
2646RR,disposeShelf,2017-12-16 02:41:18,18r
2655RR,disposeShelf,2017-12-16 02:57:18,82r
2677RR,disposeShelf,2017-12-16 03:22:18,23r
2709RR,disposeShelf,2017-12-16 03:49:18,17r
2720RR,disposeShelf,2017-12-16 03:55:18,32r
2738RR,disposeShelf,2017-12-16 04:09:18,4r
2759RR,disposeShelf,2017-12-16 04:26:18,78r
2764RR,disposeShelf,2017-12-16 04:28:18,48r
2768RR,disposeShelf,2017-12-16 04:31:18,31r
2780RR,disposeShelf,2017-12-16 04:41:18,69r
2809RR,disposeShelf,2017-12-16 05:11:18,38r
2832RR,disposeShelf,2017-12-16 05:27:18,3r
2834RR,disposeShelf,2017-12-16 05:28:18,25r
2847RR,disposeShelf,2017-12-16 05:39:18,54r
2848RR,disposeShelf,2017-12-16 05:41:18,81r
2858RR,disposeShelf,2017-12-16 05:55:18,71r
2902RR,disposeShelf,2017-12-16 07:06:18,11r
2907RR,disposeShelf,2017-12-16 07:09:18,95r
2931RR,disposeShelf,2017-12-16 07:31:18,35r
2947RR,disposeShelf,2017-12-16 07:43:18,10r
2963RR,disposeShelf,2017-12-16 07:57:18,42r
2970RR,disposeShelf,2017-12-16 08:02:18,65r
2971RR,disposeShelf,2017-12-16 08:04:18,43r
2984RR,disposeShelf,2017-12-16 08:16:18,89r
2990RR,disposeShelf,2017-12-16 08:23:18,57r
3008RR,disposeShelf,2017-12-16 08:49:18,8r
3047RR,disposeShelf,2017-12-16 09:31:18,1r
3063RR,disposeShelf,2017-12-16 09:45:18,13r
3066RR,disposeShelf,2017-12-16 09:48:18,66r
3082RR,disposeShelf,2017-12-16 10:04:18,97r
3106RR,disposeShelf,2017-12-16 10:30:18,59r
3118RR,disposeShelf,2017-12-16 10:38:18,98r
3136RR,disposeShelf,2017-12-16 11:04:18,52r
3171RR,disposeShelf,2017-12-16 11:44:18,34r
3181RR,disposeShelf,2017-12-16 11:50:18,91r
3184RR,disposeShelf,2017-12-16 11:53:18,2r
3185RR,disposeShelf,2017-12-16 11:55:18,79r
3239RR,disposeShelf,2017-12-16 12:58:18,99r
3259RR,disposeShelf,2017-12-16 13:17:18,9r
3272RR,disposeShelf,2017-12-16 13:34:18,51r
3281RR,disposeShelf,2017-12-16 13:50:18,53r
3302RR,disposeShelf,2017-12-16 14:18:18,70r
3329RR,disposeShelf,2017-12-16 14:44:18,29r
3354RR,disposeShelf,2017-12-16 15:00:18,12r
3372RR,disposeShelf,2017-12-16 15:11:18,67r
3385RR,disposeShelf,2017-12-16 15:18:18,5r
3387RR,disposeShelf,2017-12-16 15:19:18,47r
3400RR,disposeShelf,2017-12-16 15:29:18,55r
3403RR,disposeShelf,2017-12-16 15:32:18,56r
3404RR,disposeShelf,2017-12-16 15:32:18,30r
3436RR,disposeShelf,2017-12-16 16:00:18,20r
3449RR,disposeShelf,2017-12-16 16:07:18,81r
3466RR,disposeShelf,2017-12-16 16:22:18,74r
3470RR,disposeShelf,2017-12-16 16:25:18,39r
3474RR,disposeShelf,2017-12-16 16:28:18,40r
3483RR,disposeShelf,2017-12-16 16:38:18,17r
3519RR,disposeShelf,2017-12-16 17:20:18,76r
3527RR,disposeShelf,2017-12-16 17:27:18,24r
3543RR,disposeShelf,2017-12-16 17:42:18,63r
3545RR,disposeShelf,2017-12-16 17:44:18,87r
3554RR,disposeShelf,2017-12-16 17:52:18,85r
3588RR,disposeShelf,2017-12-16 19:00:18,92r
3602RR,disposeShelf,2017-12-16 19:19:18,15r
3632RR,disposeShelf,2017-12-16 19:47:18,96r
3647RR,disposeShelf,2017-12-16 20:02:18,21r
3663RR,disposeShelf,2017-12-16 20:23:18,0r
3668RR,disposeShelf,2017-12-16 20:26:18,84r
3698RR,disposeShelf,2017-12-16 21:03:18,80r
3724RR,disposeShelf,2017-12-16 21:31:18,60r
3741RR,disposeShelf,2017-12-16 21:44:18,77r
3757RR,disposeShelf,2017-12-16 22:07:18,49r
3774RR,disposeShelf,2017-12-16 22:30:18,14r
3788RR,disposeShelf,2017-12-16 22:48:18,86r
3808RR,disposeShelf,2017-12-16 23:17:18,90r
3831RR,disposeShelf,2017-12-16 23:42:18,44r
3866RR,disposeShelf,2017-12-17 00:12:18,37r
3873RR,disposeShelf,2017-12-17 00:16:18,72r
3875RR,disposeShelf,2017-12-17 00:18:18,68r
3876RR,disposeShelf,2017-12-17 00:20:18,95r
3894RR,disposeShelf,2017-12-17 00:33:18,62r
3900RR,disposeShelf,2017-12-17 00:39:18,83r
3923RR,disposeShelf,2017-12-17 01:14:18,39r
3942RR,disposeShelf,2017-12-17 01:40:18,50r
3953RR,disposeShelf,2017-12-17 01:48:18,41r
3966RR,disposeShelf,2017-12-17 02:02:18,33r
3991RR,disposeShelf,2017-12-17 02:34:18,27r
4013RR,disposeShelf,2017-12-17 02:55:18,28r
4021RR,disposeShelf,2017-12-17 03:01:18,75r
4086RR,disposeShelf,2017-12-17 04:10:18,7r
4091RR,disposeShelf,2017-12-17 04:13:18,26r
4113RR,disposeShelf,2017-12-17 04:36:18,46r
4122RR,disposeShelf,2017-12-17 04:42:18,61r
4144RR,disposeShelf,2017-12-17 05:04:18,88r
4158RR,disposeShelf,2017-12-17 05:18:18,36r
4164RR,disposeShelf,2017-12-17 05:26:18,58r
4172RR,disposeShelf,2017-12-17 05:31:18,18r
4188RR,disposeShelf,2017-12-17 05:58:18,82r
4200RR,disposeShelf,2017-12-17 06:17:18,23r
4248RR,disposeShelf,2017-12-17 07:27:18,78r
4255RR,disposeShelf,2017-12-17 07:30:18,4r
4265RR,disposeShelf,2017-12-17 07:39:18,48r
4283RR,disposeShelf,2017-12-17 07:58:18,31r
4300RR,disposeShelf,2017-12-17 08:14:18,69r
4328RR,disposeShelf,2017-12-17 08:42:18,3r
4333RR,disposeShelf,2017-12-17 08:45:18,38r
4343RR,disposeShelf,2017-12-17 09:00:18,54r
4373RR,disposeShelf,2017-12-17 09:37:18,67r
4387RR,disposeShelf,2017-12-17 09:48:18,71r
4404RR,disposeShelf,2017-12-17 10:08:18,11r
4419RR,disposeShelf,2017-12-17 10:31:18,10r
4459RR,disposeShelf,2017-12-17 11:12:18,42r
4463RR,disposeShelf,2017-12-17 11:17:18,89r
4475RR,disposeShelf,2017-12-17 11:31:18,65r
4484RR,disposeShelf,2017-12-17 11:42:18,57r
4513RR,disposeShelf,2017-12-17 12:12:18,8r
4518RR,disposeShelf,2017-12-17 12:15:18,1r
4544RR,disposeShelf,2017-12-17 12:46:18,97r
4551RR,disposeShelf,2017-12-17 12:51:18,66r
4578RR,disposeShelf,2017-12-17 13:31:18,98r
4584RR,disposeShelf,2017-12-17 13:35:18,52r
4602RR,disposeShelf,2017-12-17 14:15:18,34r
4613RR,disposeShelf,2017-12-17 14:34:18,79r
4630RR,disposeShelf,2017-12-17 14:59:18,55r
4659RR,disposeShelf,2017-12-17 15:47:18,45r
4660RR,disposeShelf,2017-12-17 15:49:18,99r
4708RR,disposeShelf,2017-12-17 16:52:18,9r
4723RR,disposeShelf,2017-12-17 17:03:18,51r
4725RR,disposeShelf,2017-12-17 17:03:18,53r
4735RR,disposeShelf,2017-12-17 17:10:18,99r
4755RR,disposeShelf,2017-12-17 17:29:18,59r
4770RR,disposeShelf,2017-12-17 17:39:18,13r
4798RR,disposeShelf,2017-12-17 18:05:18,91r
4802RR,disposeShelf,2017-12-17 18:08:18,29r
4808RR,disposeShelf,2017-12-17 18:12:18,70r
4824RR,disposeShelf,2017-12-17 18:25:18,12r
4826RR,disposeShelf,2017-12-17 18:27:18,25r
4836RR,disposeShelf,2017-12-17 18:41:18,5r
4861RR,disposeShelf,2017-12-17 19:21:18,47r
4873RR,disposeShelf,2017-12-17 19:33:18,30r
4880RR,disposeShelf,2017-12-17 19:48:18,56r
4920RR,disposeShelf,2017-12-17 20:24:18,93r
4934RR,disposeShelf,2017-12-17 20:38:18,32r
4936RR,disposeShelf,2017-12-17 20:39:18,20r
4938RR,disposeShelf,2017-12-17 20:40:18,26r
4965RR,disposeShelf,2017-12-17 21:07:18,81r
4983RR,disposeShelf,2017-12-17 21:19:18,40r
5000RR,disposeShelf,2017-12-17 21:36:18,17r
5006RR,disposeShelf,2017-12-17 21:40:18,74r
5030RR,disposeShelf,2017-12-17 22:09:18,24r
5048RR,disposeShelf,2017-12-17 22:28:18,76r
5061RR,disposeShelf,2017-12-17 22:43:18,63r
5063RR,disposeShelf,2017-12-17 22:44:18,87r
5102RR,disposeShelf,2017-12-17 23:41:18,92r
5116RR,disposeShelf,2017-12-17 23:57:18,96r
5157RR,disposeShelf,2017-12-18 00:33:18,80r
5163RR,disposeShelf,2017-12-18 00:37:18,21r
5165RR,disposeShelf,2017-12-18 00:38:18,84r
5191RR,disposeShelf,2017-12-18 01:16:18,60r
5202RR,disposeShelf,2017-12-18 01:29:18,77r
5235RR,disposeShelf,2017-12-18 02:11:18,49r
5248RR,disposeShelf,2017-12-18 02:23:18,90r
5281RR,disposeShelf,2017-12-18 02:59:18,86r
5282RR,disposeShelf,2017-12-18 02:59:18,15r
5303RR,disposeShelf,2017-12-18 03:22:18,44r
5315RR,disposeShelf,2017-12-18 03:31:18,37r
5322RR,disposeShelf,2017-12-18 03:35:18,85r
5351RR,disposeShelf,2017-12-18 04:06:18,72r
5360RR,disposeShelf,2017-12-18 04:20:18,68r
5379RR,disposeShelf,2017-12-18 04:36:18,95r
5387RR,disposeShelf,2017-12-18 04:46:18,62r
5420RR,disposeShelf,2017-12-18 05:37:18,41r
5434RR,disposeShelf,2017-12-18 06:00:18,50r
5448RR,disposeShelf,2017-12-18 06:24:18,27r
5464RR,disposeShelf,2017-12-18 06:41:18,33r
5479RR,disposeShelf,2017-12-18 07:06:18,16r
5493RR,disposeShelf,2017-12-18 07:36:18,28r
5525RR,disposeShelf,2017-12-18 08:08:18,73r
5527RR,disposeShelf,2017-12-18 08:11:18,19r
5547RR,disposeShelf,2017-12-18 08:28:18,7r
5557RR,disposeShelf,2017-12-18 08:35:18,94r
5572RR,disposeShelf,2017-12-18 08:55:18,46r
5589RR,disposeShelf,2017-12-18 09:17:18,64r
5629RR,disposeShelf,2017-12-18 09:50:18,88r
5644RR,disposeShelf,2017-12-18 10:03:18,36r
5647RR,disposeShelf,2017-12-18 10:06:18,6r
5649RR,disposeShelf,2017-12-18 10:08:18,58r
5675RR,disposeShelf,2017-12-18 10:36:18,91r
5697RR,disposeShelf,2017-12-18 11:03:18,78r
5723RR,disposeShelf,2017-12-18 11:27:18,82r
5731RR,disposeShelf,2017-12-18 11:34:18,4r
5746RR,disposeShelf,2017-12-18 11:50:18,48r
5776RR,disposeShelf,2017-12-18 12:27:18,31r
5795RR,disposeShelf,2017-12-18 12:44:18,69r
5803RR,disposeShelf,2017-12-18 12:56:18,3r
5815RR,disposeShelf,2017-12-18 13:10:18,75r
5828RR,disposeShelf,2017-12-18 13:25:18,54r
5838RR,disposeShelf,2017-12-18 13:37:18,67r
5848RR,disposeShelf,2017-12-18 13:55:18,71r
5888RR,disposeShelf,2017-12-18 14:42:18,10r
5900RR,disposeShelf,2017-12-18 14:56:18,11r
5903RR,disposeShelf,2017-12-18 14:59:18,35r
5908RR,disposeShelf,2017-12-18 15:02:18,42r
5940RR,disposeShelf,2017-12-18 15:57:18,65r
5956RR,disposeShelf,2017-12-18 16:25:18,57r
5980RR,disposeShelf,2017-12-18 16:58:18,97r
5995RR,disposeShelf,2017-12-18 17:19:18,66r
6033RR,disposeShelf,2017-12-18 18:02:18,52r
6042RR,disposeShelf,2017-12-18 18:09:18,98r
6063RR,disposeShelf,2017-12-18 18:31:18,55r
6072RR,disposeShelf,2017-12-18 18:41:18,45r
6074RR,disposeShelf,2017-12-18 18:43:18,34r
6092RR,disposeShelf,2017-12-18 18:56:18,22r
6110RR,disposeShelf,2017-12-18 19:18:18,9r
6116RR,disposeShelf,2017-12-18 19:30:18,35r
6143RR,disposeShelf,2017-12-18 20:15:18,51r
6165RR,disposeShelf,2017-12-18 20:39:18,53r
6197RR,disposeShelf,2017-12-18 21:09:18,99r
6200RR,disposeShelf,2017-12-18 21:13:18,59r
6204RR,disposeShelf,2017-12-18 21:15:18,38r
6216RR,disposeShelf,2017-12-18 21:26:18,4r
6230RR,disposeShelf,2017-12-18 21:34:18,6r
6246RR,disposeShelf,2017-12-18 21:51:18,13r
6258RR,disposeShelf,2017-12-18 21:59:18,70r
6274RR,disposeShelf,2017-12-18 22:14:18,29r
6334RR,disposeShelf,2017-12-18 23:04:18,12r
6340RR,disposeShelf,2017-12-18 23:09:18,61r
6346RR,disposeShelf,2017-12-18 23:12:18,25r
6350RR,disposeShelf,2017-12-18 23:15:18,5r
6368RR,disposeShelf,2017-12-18 23:27:18,47r
6372RR,disposeShelf,2017-12-18 23:29:18,30r
6378RR,disposeShelf,2017-12-18 23:34:18,23r
6397RR,disposeShelf,2017-12-18 23:49:18,56r
6413RR,disposeShelf,2017-12-19 00:10:18,89r
6424RR,disposeShelf,2017-12-19 00:19:18,37r
6445RR,disposeShelf,2017-12-19 00:36:18,93r
6456RR,disposeShelf,2017-12-19 00:49:18,32r
6471RR,disposeShelf,2017-12-19 01:04:18,20r
6494RR,disposeShelf,2017-12-19 01:28:18,81r
6505RR,disposeShelf,2017-12-19 01:38:18,26r
6515RR,disposeShelf,2017-12-19 01:48:18,40r
6528RR,disposeShelf,2017-12-19 02:07:18,17r
6562RR,disposeShelf,2017-12-19 02:44:18,74r
6574RR,disposeShelf,2017-12-19 02:54:18,24r
6575RR,disposeShelf,2017-12-19 02:56:18,76r
6603RR,disposeShelf,2017-12-19 03:26:18,43r
6608RR,disposeShelf,2017-12-19 03:30:18,63r
6623RR,disposeShelf,2017-12-19 03:41:18,87r
6652RR,disposeShelf,2017-12-19 04:19:18,92r
6683RR,disposeShelf,2017-12-19 05:00:18,80r
6687RR,disposeShelf,2017-12-19 05:04:18,21r
6706RR,disposeShelf,2017-12-19 05:33:18,0r
6734RR,disposeShelf,2017-12-19 06:08:18,60r
6743RR,disposeShelf,2017-12-19 06:15:18,77r
6768RR,disposeShelf,2017-12-19 06:50:18,96r
6794RR,disposeShelf,2017-12-19 07:15:18,43r
6812RR,disposeShelf,2017-12-19 07:30:18,49r
6829RR,disposeShelf,2017-12-19 07:47:18,39r
6831RR,disposeShelf,2017-12-19 07:49:18,89r
6849RR,disposeShelf,2017-12-19 08:08:18,1r
6876RR,disposeShelf,2017-12-19 08:34:18,86r
6879RR,disposeShelf,2017-12-19 08:36:18,44r
6886RR,disposeShelf,2017-12-19 08:43:18,15r
6905RR,disposeShelf,2017-12-19 09:10:18,61r
6929RR,disposeShelf,2017-12-19 09:41:18,12r
6934RR,disposeShelf,2017-12-19 09:47:18,85r
6970RR,disposeShelf,2017-12-19 10:47:18,68r
6990RR,disposeShelf,2017-12-19 11:05:18,83r
6992RR,disposeShelf,2017-12-19 11:07:18,62r
7040RR,disposeShelf,2017-12-19 11:54:18,41r
7047RR,disposeShelf,2017-12-19 11:59:18,50r
7054RR,disposeShelf,2017-12-19 12:04:18,27r
7057RR,disposeShelf,2017-12-19 12:07:18,14r
7087RR,disposeShelf,2017-12-19 12:37:18,16r
7112RR,disposeShelf,2017-12-19 13:08:18,73r
7119RR,disposeShelf,2017-12-19 13:21:18,28r
7145RR,disposeShelf,2017-12-19 13:49:18,7r
7155RR,disposeShelf,2017-12-19 13:58:18,19r
7176RR,disposeShelf,2017-12-19 14:21:18,64r
7194RR,disposeShelf,2017-12-19 14:38:18,94r
7206RR,disposeShelf,2017-12-19 14:55:18,46r
7218RR,disposeShelf,2017-12-19 15:11:18,6r
7252RR,disposeShelf,2017-12-19 15:54:18,88r
7258RR,disposeShelf,2017-12-19 15:59:18,58r
7303RR,disposeShelf,2017-12-19 16:48:18,18r
7305RR,disposeShelf,2017-12-19 16:50:18,78r
7316RR,disposeShelf,2017-12-19 17:02:18,91r
7333RR,disposeShelf,2017-12-19 17:17:18,51r
7335RR,disposeShelf,2017-12-19 17:18:18,82r
7370RR,disposeShelf,2017-12-19 17:57:18,48r
7372RR,disposeShelf,2017-12-19 18:00:18,31r
7407RR,disposeShelf,2017-12-19 18:41:18,75r
7432RR,disposeShelf,2017-12-19 19:10:18,3r
7442RR,disposeShelf,2017-12-19 19:20:18,54r
7448RR,disposeShelf,2017-12-19 19:26:18,67r
7481RR,disposeShelf,2017-12-19 20:04:18,71r
7509RR,disposeShelf,2017-12-19 20:30:18,11r
7527RR,disposeShelf,2017-12-19 20:44:18,79r
7538RR,disposeShelf,2017-12-19 20:56:18,57r
7539RR,disposeShelf,2017-12-19 20:56:18,65r
7557RR,disposeShelf,2017-12-19 21:31:18,97r
7602RR,disposeShelf,2017-12-19 22:52:18,98r
7625RR,disposeShelf,2017-12-19 23:17:18,45r
7640RR,disposeShelf,2017-12-19 23:30:18,2r
7654RR,disposeShelf,2017-12-19 23:40:18,22r
7673RR,disposeShelf,2017-12-19 23:58:18,34r
7722RR,disposeShelf,2017-12-20 00:31:18,9r
7733RR,disposeShelf,2017-12-20 00:40:18,35r
7735RR,disposeShelf,2017-12-20 00:42:18,66r
7745RR,disposeShelf,2017-12-20 00:49:18,52r
7746RR,disposeShelf,2017-12-20 00:49:18,59r
7750RR,disposeShelf,2017-12-20 00:52:18,53r
7756RR,disposeShelf,2017-12-20 00:57:18,38r
7784RR,disposeShelf,2017-12-20 01:38:18,13r
7805RR,disposeShelf,2017-12-20 01:57:18,70r
7822RR,disposeShelf,2017-12-20 02:11:18,99r
7826RR,disposeShelf,2017-12-20 02:13:18,72r
7847RR,disposeShelf,2017-12-20 02:50:18,86r
7865RR,disposeShelf,2017-12-20 03:10:18,25r
7884RR,disposeShelf,2017-12-20 03:28:18,47r
7886RR,disposeShelf,2017-12-20 03:30:18,90r
7911RR,disposeShelf,2017-12-20 04:09:18,30r
7924RR,disposeShelf,2017-12-20 04:21:18,23r
7950RR,disposeShelf,2017-12-20 04:51:18,56r
7962RR,disposeShelf,2017-12-20 05:06:18,93r
7967RR,disposeShelf,2017-12-20 05:13:18,37r
7993RR,disposeShelf,2017-12-20 05:43:18,32r
8010RR,disposeShelf,2017-12-20 06:03:18,20r
8024RR,disposeShelf,2017-12-20 06:22:18,81r
8031RR,disposeShelf,2017-12-20 06:29:18,26r
8070RR,disposeShelf,2017-12-20 07:27:18,17r
8074RR,disposeShelf,2017-12-20 07:29:18,74r
8095RR,disposeShelf,2017-12-20 07:49:18,76r
8097RR,disposeShelf,2017-12-20 07:52:18,24r
8115RR,disposeShelf,2017-12-20 08:14:18,40r
8127RR,disposeShelf,2017-12-20 08:23:18,10r
8132RR,disposeShelf,2017-12-20 08:32:18,87r
8157RR,disposeShelf,2017-12-20 09:12:18,92r
8183RR,disposeShelf,2017-12-20 09:51:18,21r
8196RR,disposeShelf,2017-12-20 10:16:18,0r
8215RR,disposeShelf,2017-12-20 10:48:18,60r
8236RR,disposeShelf,2017-12-20 11:06:18,84r
8247RR,disposeShelf,2017-12-20 11:20:18,80r
8256RR,disposeShelf,2017-12-20 11:34:18,96r
8267RR,disposeShelf,2017-12-20 11:49:18,5r
8315RR,disposeShelf,2017-12-20 12:33:18,49r
8323RR,disposeShelf,2017-12-20 12:36:18,43r
8333RR,disposeShelf,2017-12-20 12:47:18,89r
8341RR,disposeShelf,2017-12-20 12:53:18,63r
8359RR,disposeShelf,2017-12-20 13:10:18,39r
8374RR,disposeShelf,2017-12-20 13:24:18,44r
8388RR,disposeShelf,2017-12-20 13:39:18,1r
8401RR,disposeShelf,2017-12-20 13:52:18,61r
8410RR,disposeShelf,2017-12-20 14:02:18,15r
8433RR,disposeShelf,2017-12-20 14:44:18,12r
8447RR,disposeShelf,2017-12-20 15:12:18,83r
8486RR,disposeShelf,2017-12-20 16:06:18,62r
8495RR,disposeShelf,2017-12-20 16:15:18,41r
8525RR,disposeShelf,2017-12-20 16:46:18,27r
8530RR,disposeShelf,2017-12-20 16:50:18,50r
8535RR,disposeShelf,2017-12-20 16:53:18,77r
8548RR,disposeShelf,2017-12-20 17:08:18,16r
8556RR,disposeShelf,2017-12-20 17:18:18,4r
8587RR,disposeShelf,2017-12-20 18:03:18,73r
8592RR,disposeShelf,2017-12-20 18:10:18,55r
8611RR,disposeShelf,2017-12-20 18:32:18,28r
8622RR,disposeShelf,2017-12-20 18:41:18,29r
8642RR,disposeShelf,2017-12-20 19:05:18,7r
8655RR,disposeShelf,2017-12-20 19:19:18,19r
8658RR,disposeShelf,2017-12-20 19:20:18,9r
8692RR,disposeShelf,2017-12-20 19:58:18,64r
8714RR,disposeShelf,2017-12-20 20:27:18,94r
8724RR,disposeShelf,2017-12-20 20:35:18,88r
8730RR,disposeShelf,2017-12-20 20:41:18,6r
8752RR,disposeShelf,2017-12-20 20:58:18,58r
8776RR,disposeShelf,2017-12-20 21:21:18,18r
8786RR,disposeShelf,2017-12-20 21:27:18,36r
8795RR,disposeShelf,2017-12-20 21:32:18,78r
8809RR,disposeShelf,2017-12-20 21:52:18,91r
8829RR,disposeShelf,2017-12-20 22:17:18,51r
8852RR,disposeShelf,2017-12-20 22:38:18,82r
8858RR,disposeShelf,2017-12-20 22:43:18,48r
8860RR,disposeShelf,2017-12-20 22:46:18,31r
8871RR,disposeShelf,2017-12-20 22:57:18,69r
8891RR,disposeShelf,2017-12-20 23:24:18,75r
8923RR,disposeShelf,2017-12-20 23:56:18,67r
8934RR,disposeShelf,2017-12-21 00:04:18,3r
8939RR,disposeShelf,2017-12-21 00:10:18,68r
8951RR,disposeShelf,2017-12-21 00:30:18,71r
9013RR,disposeShelf,2017-12-21 02:02:18,97r
9017RR,disposeShelf,2017-12-21 02:06:18,65r
9029RR,disposeShelf,2017-12-21 02:15:18,54r
9043RR,disposeShelf,2017-12-21 02:27:18,35r
9080RR,disposeShelf,2017-12-21 03:02:18,8r
9101RR,disposeShelf,2017-12-21 03:25:18,45r
9103RR,disposeShelf,2017-12-21 03:26:18,18r
9112RR,disposeShelf,2017-12-21 03:38:18,2r
9123RR,disposeShelf,2017-12-21 04:01:18,22r
9158RR,disposeShelf,2017-12-21 04:53:18,34r
9163RR,disposeShelf,2017-12-21 04:58:18,66r
9190RR,disposeShelf,2017-12-21 05:31:18,59r
9194RR,disposeShelf,2017-12-21 05:33:18,53r
9211RR,disposeShelf,2017-12-21 05:45:18,85r
9213RR,disposeShelf,2017-12-21 05:48:18,38r
9219RR,disposeShelf,2017-12-21 05:53:18,42r
9247RR,disposeShelf,2017-12-21 06:43:18,33r
9264RR,disposeShelf,2017-12-21 07:00:18,13r
9277RR,disposeShelf,2017-12-21 07:14:18,70r
9291RR,disposeShelf,2017-12-21 07:35:18,99r
9299RR,disposeShelf,2017-12-21 07:46:18,72r
9331RR,disposeShelf,2017-12-21 08:20:18,84r
9342RR,disposeShelf,2017-12-21 08:30:18,80r
9353RR,disposeShelf,2017-12-21 08:47:18,86r
9379RR,disposeShelf,2017-12-21 09:22:18,25r
9386RR,disposeShelf,2017-12-21 09:25:18,57r
9399RR,disposeShelf,2017-12-21 09:40:18,30r
9422RR,disposeShelf,2017-12-21 10:10:18,23r
9439RR,disposeShelf,2017-12-21 10:35:18,37r
9462RR,disposeShelf,2017-12-21 10:57:18,93r
9482RR,disposeShelf,2017-12-21 11:15:18,32r
9487RR,disposeShelf,2017-12-21 11:18:18,20r
9505RR,disposeShelf,2017-12-21 11:38:18,26r
9520RR,disposeShelf,2017-12-21 11:49:18,81r
9534RR,disposeShelf,2017-12-21 12:05:18,17r
9547RR,disposeShelf,2017-12-21 12:21:18,74r
9560RR,disposeShelf,2017-12-21 12:40:18,76r
9601RR,disposeShelf,2017-12-21 13:19:18,40r
9604RR,disposeShelf,2017-12-21 13:21:18,24r
9617RR,disposeShelf,2017-12-21 13:39:18,87r
9627RR,disposeShelf,2017-12-21 13:45:18,10r
9647RR,disposeShelf,2017-12-21 14:20:18,17r
9667RR,disposeShelf,2017-12-21 14:50:18,93r
9706RR,disposeShelf,2017-12-21 15:32:18,47r
9718RR,disposeShelf,2017-12-21 15:48:18,92r
9720RR,disposeShelf,2017-12-21 15:49:18,60r
9722RR,disposeShelf,2017-12-21 15:51:18,0r
9765RR,disposeShelf,2017-12-21 16:46:18,96r
9777RR,disposeShelf,2017-12-21 16:52:18,5r
9790RR,disposeShelf,2017-12-21 17:07:18,49r
9806RR,disposeShelf,2017-12-21 17:21:18,89r
9823RR,disposeShelf,2017-12-21 17:41:18,43r
9838RR,disposeShelf,2017-12-21 17:52:18,63r
9839RR,disposeShelf,2017-12-21 17:53:18,39r
9887RR,disposeShelf,2017-12-21 18:44:18,44r
9895RR,disposeShelf,2017-12-21 18:51:18,15r
9910RR,disposeShelf,2017-12-21 19:07:18,61r
9935RR,disposeShelf,2017-12-21 19:29:18,83r
9941RR,disposeShelf,2017-12-21 19:33:18,62r
9945RR,disposeShelf,2017-12-21 19:35:18,12r
9970RR,disposeShelf,2017-12-21 20:12:18,27r
9977RR,disposeShelf,2017-12-21 20:20:18,41r
10010RR,disposeShelf,2017-12-21 21:04:18,50r
10030RR,disposeShelf,2017-12-21 21:21:18,77r
10037RR,disposeShelf,2017-12-21 21:28:18,16r
10046RR,disposeShelf,2017-12-21 21:35:18,21r
10053RR,disposeShelf,2017-12-21 21:40:18,4r
10096RR,disposeShelf,2017-12-21 22:14:18,55r
10105RR,disposeShelf,2017-12-21 22:19:18,73r
10107RR,disposeShelf,2017-12-21 22:20:18,56r
10119RR,disposeShelf,2017-12-21 22:29:18,9r
10141RR,disposeShelf,2017-12-21 22:49:18,1r
10155RR,disposeShelf,2017-12-21 23:02:18,7r
10157RR,disposeShelf,2017-12-21 23:04:18,29r
10173RR,disposeShelf,2017-12-21 23:28:18,64r
10184RR,disposeShelf,2017-12-21 23:44:18,94r
10210RR,disposeShelf,2017-12-22 00:22:18,6r
10227RR,disposeShelf,2017-12-22 00:51:18,58r
10260RR,disposeShelf,2017-12-22 01:26:18,78r
10262RR,disposeShelf,2017-12-22 01:27:18,36r
10283RR,disposeShelf,2017-12-22 01:46:18,91r
10308RR,disposeShelf,2017-12-22 02:09:18,82r
10317RR,disposeShelf,2017-12-22 02:16:18,51r
10339RR,disposeShelf,2017-12-22 02:41:18,48r
10347RR,disposeShelf,2017-12-22 02:50:18,31r
10361RR,disposeShelf,2017-12-22 03:04:18,69r
10381RR,disposeShelf,2017-12-22 03:29:18,67r
10393RR,disposeShelf,2017-12-22 03:46:18,68r
10410RR,disposeShelf,2017-12-22 04:13:18,71r
10437RR,disposeShelf,2017-12-22 04:38:18,97r
10455RR,disposeShelf,2017-12-22 04:57:18,65r
10456RR,disposeShelf,2017-12-22 04:58:18,88r
10468RR,disposeShelf,2017-12-22 05:12:18,54r
10493RR,disposeShelf,2017-12-22 05:54:18,11r
10503RR,disposeShelf,2017-12-22 06:05:18,35r
10512RR,disposeShelf,2017-12-22 06:13:18,7r
10551RR,disposeShelf,2017-12-22 07:01:18,98r
10553RR,disposeShelf,2017-12-22 07:03:18,14r
10568RR,disposeShelf,2017-12-22 07:16:18,18r
10585RR,disposeShelf,2017-12-22 07:32:18,45r
10596RR,disposeShelf,2017-12-22 07:44:18,2r
10598RR,disposeShelf,2017-12-22 07:46:18,21r
10648RR,disposeShelf,2017-12-22 08:37:18,22r
10658RR,disposeShelf,2017-12-22 08:44:18,8r
10670RR,disposeShelf,2017-12-22 08:55:18,34r
10671RR,disposeShelf,2017-12-22 08:55:18,66r
10690RR,disposeShelf,2017-12-22 09:12:18,52r
10703RR,disposeShelf,2017-12-22 09:20:18,59r
10720RR,disposeShelf,2017-12-22 09:44:18,53r
10723RR,disposeShelf,2017-12-22 09:46:18,85r
10753RR,disposeShelf,2017-12-22 10:23:18,42r
10754RR,disposeShelf,2017-12-22 10:23:18,38r
10769RR,disposeShelf,2017-12-22 10:39:18,0r
10805RR,disposeShelf,2017-12-22 11:14:18,28r
10825RR,disposeShelf,2017-12-22 11:30:18,13r
10834RR,disposeShelf,2017-12-22 11:35:18,70r
10836RR,disposeShelf,2017-12-22 11:37:18,72r
10864RR,disposeShelf,2017-12-22 12:08:18,80r
10866RR,disposeShelf,2017-12-22 12:10:18,99r
10891RR,disposeShelf,2017-12-22 12:37:18,84r
10903RR,disposeShelf,2017-12-22 12:51:18,25r
10916RR,disposeShelf,2017-12-22 13:06:18,86r
10930RR,disposeShelf,2017-12-22 13:22:18,30r
10962RR,disposeShelf,2017-12-22 13:53:18,26r
10971RR,disposeShelf,2017-12-22 14:01:18,90r
11005RR,disposeShelf,2017-12-22 14:25:18,37r
11023RR,disposeShelf,2017-12-22 14:38:18,46r
11025RR,disposeShelf,2017-12-22 14:40:18,20r
11029RR,disposeShelf,2017-12-22 14:43:18,32r
11031RR,disposeShelf,2017-12-22 14:44:18,19r
11044RR,disposeShelf,2017-12-22 14:58:18,81r
11066RR,disposeShelf,2017-12-22 15:26:18,74r
11088RR,disposeShelf,2017-12-22 15:46:18,76r
11096RR,disposeShelf,2017-12-22 16:00:18,20r
11105RR,disposeShelf,2017-12-22 16:06:18,40r
11137RR,disposeShelf,2017-12-22 16:58:18,10r
11142RR,disposeShelf,2017-12-22 17:01:18,87r
11155RR,disposeShelf,2017-12-22 17:18:18,84r
11163RR,disposeShelf,2017-12-22 17:26:18,17r
11211RR,disposeShelf,2017-12-22 18:29:18,23r
11216RR,disposeShelf,2017-12-22 18:33:18,47r
11227RR,disposeShelf,2017-12-22 18:42:18,57r
11243RR,disposeShelf,2017-12-22 18:55:18,92r
11260RR,disposeShelf,2017-12-22 19:07:18,60r
11267RR,disposeShelf,2017-12-22 19:12:18,24r
11281RR,disposeShelf,2017-12-22 19:24:18,53r
11297RR,disposeShelf,2017-12-22 19:34:18,95r
11306RR,disposeShelf,2017-12-22 19:41:18,66r
11322RR,disposeShelf,2017-12-22 20:03:18,5r
11323RR,disposeShelf,2017-12-22 20:04:18,96r
11344RR,disposeShelf,2017-12-22 20:39:18,49r
11356RR,disposeShelf,2017-12-22 20:49:18,89r
11385RR,disposeShelf,2017-12-22 21:31:18,43r
11400RR,disposeShelf,2017-12-22 21:46:18,63r
11411RR,disposeShelf,2017-12-22 22:01:18,39r
11419RR,disposeShelf,2017-12-22 22:10:18,44r
11452RR,disposeShelf,2017-12-22 22:43:18,15r
11469RR,disposeShelf,2017-12-22 23:01:18,83r
11478RR,disposeShelf,2017-12-22 23:09:18,61r
11492RR,disposeShelf,2017-12-22 23:28:18,62r
11496RR,disposeShelf,2017-12-22 23:34:18,12r
11521RR,disposeShelf,2017-12-23 00:09:18,41r
11540RR,disposeShelf,2017-12-23 00:42:18,77r
11571RR,disposeShelf,2017-12-23 01:17:18,16r
11601RR,disposeShelf,2017-12-23 01:42:18,98r
11605RR,disposeShelf,2017-12-23 01:45:18,4r
11607RR,disposeShelf,2017-12-23 01:47:18,55r
11615RR,disposeShelf,2017-12-23 01:59:18,73r
11635RR,disposeShelf,2017-12-23 02:39:18,56r
11654RR,disposeShelf,2017-12-23 03:04:18,75r
11662RR,disposeShelf,2017-12-23 03:09:18,1r
11676RR,disposeShelf,2017-12-23 03:37:18,29r
11707RR,disposeShelf,2017-12-23 04:29:18,64r
11734RR,disposeShelf,2017-12-23 04:53:18,6r
11738RR,disposeShelf,2017-12-23 04:55:18,58r
11740RR,disposeShelf,2017-12-23 04:57:18,94r
11772RR,disposeShelf,2017-12-23 05:29:18,36r
11780RR,disposeShelf,2017-12-23 05:40:18,3r
11798RR,disposeShelf,2017-12-23 06:03:18,91r
11815RR,disposeShelf,2017-12-23 06:24:18,82r
11822RR,disposeShelf,2017-12-23 06:30:18,51r
11871RR,disposeShelf,2017-12-23 07:32:18,69r
11873RR,disposeShelf,2017-12-23 07:34:18,67r
11881RR,disposeShelf,2017-12-23 07:39:18,31r
11904RR,disposeShelf,2017-12-23 08:19:18,94r
11914RR,disposeShelf,2017-12-23 08:34:18,68r
11940RR,disposeShelf,2017-12-23 09:06:18,97r
11944RR,disposeShelf,2017-12-23 09:09:18,71r
11947RR,disposeShelf,2017-12-23 09:11:18,79r
11977RR,disposeShelf,2017-12-23 09:55:18,88r
11989RR,disposeShelf,2017-12-23 10:07:18,65r
12013RR,disposeShelf,2017-12-23 10:29:18,54r
12030RR,disposeShelf,2017-12-23 10:43:18,7r
12042RR,disposeShelf,2017-12-23 10:50:18,11r
12050RR,disposeShelf,2017-12-23 10:55:18,35r
12073RR,disposeShelf,2017-12-23 11:34:18,18r
12099RR,disposeShelf,2017-12-23 12:15:18,78r
12108RR,disposeShelf,2017-12-23 12:21:18,45r
12134RR,disposeShelf,2017-12-23 12:50:18,21r
12158RR,disposeShelf,2017-12-23 13:18:18,22r
12168RR,disposeShelf,2017-12-23 13:28:18,8r
12189RR,disposeShelf,2017-12-23 13:52:18,34r
12202RR,disposeShelf,2017-12-23 14:05:18,52r
12220RR,disposeShelf,2017-12-23 14:26:18,59r
12238RR,disposeShelf,2017-12-23 14:52:18,42r
12260RR,disposeShelf,2017-12-23 15:20:18,38r
12279RR,disposeShelf,2017-12-23 15:37:18,0r
12287RR,disposeShelf,2017-12-23 15:44:18,33r
12335RR,disposeShelf,2017-12-23 16:32:18,28r
12338RR,disposeShelf,2017-12-23 16:34:18,13r
12351RR,disposeShelf,2017-12-23 16:51:18,70r
12359RR,disposeShelf,2017-12-23 16:56:18,50r
12369RR,disposeShelf,2017-12-23 17:09:18,80r
12413RR,disposeShelf,2017-12-23 18:03:18,86r
12426RR,disposeShelf,2017-12-23 18:15:18,93r
12430RR,disposeShelf,2017-12-23 18:18:18,30r
12472RR,disposeShelf,2017-12-23 18:59:18,27r
12476RR,disposeShelf,2017-12-23 19:02:18,37r
12490RR,disposeShelf,2017-12-23 19:11:18,90r
12501RR,disposeShelf,2017-12-23 19:24:18,46r
12511RR,disposeShelf,2017-12-23 19:30:18,2r
12518RR,disposeShelf,2017-12-23 19:36:18,32r
12536RR,disposeShelf,2017-12-23 20:01:18,19r
12545RR,disposeShelf,2017-12-23 20:12:18,81r
12577RR,disposeShelf,2017-12-23 21:08:18,9r
12597RR,disposeShelf,2017-12-23 21:33:18,20r
12625RR,disposeShelf,2017-12-23 22:07:18,40r
12638RR,disposeShelf,2017-12-23 22:22:18,87r
12649RR,disposeShelf,2017-12-23 22:33:18,84r
12672RR,disposeShelf,2017-12-23 23:04:18,59r
12688RR,disposeShelf,2017-12-23 23:21:18,17r
12693RR,disposeShelf,2017-12-23 23:28:18,23r
12713RR,disposeShelf,2017-12-23 23:54:18,47r
12732RR,disposeShelf,2017-12-24 00:27:18,57r
12763RR,disposeShelf,2017-12-24 01:10:18,92r
12771RR,disposeShelf,2017-12-24 01:16:18,24r
12783RR,disposeShelf,2017-12-24 01:42:18,95r
12820RR,disposeShelf,2017-12-24 03:06:18,96r
12850RR,disposeShelf,2017-12-24 03:48:18,89r
12858RR,disposeShelf,2017-12-24 03:51:18,43r
12873RR,disposeShelf,2017-12-24 04:17:18,63r
12903RR,disposeShelf,2017-12-24 04:49:18,39r
12908RR,disposeShelf,2017-12-24 04:56:18,15r
12913RR,disposeShelf,2017-12-24 05:01:18,44r
12953RR,disposeShelf,2017-12-24 06:00:18,83r
12963RR,disposeShelf,2017-12-24 06:08:18,61r
12979RR,disposeShelf,2017-12-24 06:23:18,62r
12989RR,disposeShelf,2017-12-24 06:29:18,14r
13012RR,disposeShelf,2017-12-24 06:50:18,99r
13025RR,disposeShelf,2017-12-24 07:06:18,41r
13043RR,disposeShelf,2017-12-24 07:28:18,16r
13055RR,disposeShelf,2017-12-24 07:41:18,98r
13092RR,disposeShelf,2017-12-24 08:41:18,55r
13101RR,disposeShelf,2017-12-24 08:47:18,56r
13140RR,disposeShelf,2017-12-24 09:19:18,75r
13143RR,disposeShelf,2017-12-24 09:22:18,26r
13158RR,disposeShelf,2017-12-24 09:29:18,1r
13180RR,disposeShelf,2017-12-24 09:48:18,29r
13185RR,disposeShelf,2017-12-24 09:52:18,72r
13210RR,disposeShelf,2017-12-24 10:14:18,64r
13212RR,disposeShelf,2017-12-24 10:16:18,66r
13224RR,disposeShelf,2017-12-24 10:25:18,6r
13226RR,disposeShelf,2017-12-24 10:27:18,58r
13244RR,disposeShelf,2017-12-24 10:47:18,36r
13246RR,disposeShelf,2017-12-24 10:49:18,3r
13275RR,disposeShelf,2017-12-24 11:49:18,82r
13283RR,disposeShelf,2017-12-24 11:56:18,51r
13327RR,disposeShelf,2017-12-24 12:43:18,72r
13336RR,disposeShelf,2017-12-24 12:48:18,48r
13344RR,disposeShelf,2017-12-24 12:55:18,69r
13350RR,disposeShelf,2017-12-24 13:03:18,67r
13364RR,disposeShelf,2017-12-24 13:17:18,31r
13388RR,disposeShelf,2017-12-24 13:46:18,94r
13408RR,disposeShelf,2017-12-24 14:12:18,68r
13421RR,disposeShelf,2017-12-24 14:20:18,97r
13445RR,disposeShelf,2017-12-24 14:51:18,71r
13447RR,disposeShelf,2017-12-24 14:53:18,77r
13461RR,disposeShelf,2017-12-24 15:09:18,65r
13469RR,disposeShelf,2017-12-24 15:14:18,79r
13496RR,disposeShelf,2017-12-24 16:07:18,7r
13537RR,disposeShelf,2017-12-24 16:51:18,4r
13548RR,disposeShelf,2017-12-24 16:59:18,35r
13553RR,disposeShelf,2017-12-24 17:03:18,11r
13564RR,disposeShelf,2017-12-24 17:11:18,18r
13568RR,disposeShelf,2017-12-24 17:16:18,5r
13580RR,disposeShelf,2017-12-24 17:28:18,78r
13600RR,disposeShelf,2017-12-24 18:08:18,45r
13627RR,disposeShelf,2017-12-24 18:42:18,22r
13640RR,disposeShelf,2017-12-24 19:02:18,8r
13660RR,disposeShelf,2017-12-24 19:37:18,34r
13683RR,disposeShelf,2017-12-24 20:03:18,10r
13711RR,disposeShelf,2017-12-24 20:42:18,38r
13718RR,disposeShelf,2017-12-24 20:48:18,42r
13731RR,disposeShelf,2017-12-24 20:58:18,0r
13751RR,disposeShelf,2017-12-24 21:20:18,33r
13771RR,disposeShelf,2017-12-24 21:48:18,76r
13780RR,disposeShelf,2017-12-24 21:59:18,13r
13790RR,disposeShelf,2017-12-24 22:12:18,70r
13801RR,disposeShelf,2017-12-24 22:34:18,50r
13822RR,disposeShelf,2017-12-24 22:59:18,80r
13861RR,disposeShelf,2017-12-24 23:43:18,74r
13869RR,disposeShelf,2017-12-24 23:51:18,86r
13883RR,disposeShelf,2017-12-25 00:03:18,25r
13895RR,disposeShelf,2017-12-25 00:14:18,54r
13918RR,disposeShelf,2017-12-25 00:38:18,30r
13938RR,disposeShelf,2017-12-25 00:58:18,27r
13950RR,disposeShelf,2017-12-25 01:06:18,93r
13952RR,disposeShelf,2017-12-25 01:08:18,37r
13982RR,disposeShelf,2017-12-25 02:00:18,2r
14012RR,disposeShelf,2017-12-25 02:50:18,32r
14014RR,disposeShelf,2017-12-25 02:52:18,19r
14060RR,disposeShelf,2017-12-25 03:50:18,80r
14071RR,disposeShelf,2017-12-25 03:59:18,46r
14082RR,disposeShelf,2017-12-25 04:12:18,52r
14099RR,disposeShelf,2017-12-25 04:32:18,40r
14105RR,disposeShelf,2017-12-25 04:37:18,84r
14120RR,disposeShelf,2017-12-25 04:59:18,59r
14141RR,disposeShelf,2017-12-25 05:22:18,17r
14156RR,disposeShelf,2017-12-25 05:38:18,87r
14159RR,disposeShelf,2017-12-25 05:41:18,90r
14184RR,disposeShelf,2017-12-25 06:14:18,35r
14187RR,disposeShelf,2017-12-25 06:16:18,23r
14191RR,disposeShelf,2017-12-25 06:18:18,47r
14213RR,disposeShelf,2017-12-25 06:58:18,57r
14242RR,disposeShelf,2017-12-25 07:43:18,92r
14259RR,disposeShelf,2017-12-25 08:03:18,53r
14282RR,disposeShelf,2017-12-25 08:30:18,95r
14295RR,disposeShelf,2017-12-25 08:38:18,96r
14296RR,disposeShelf,2017-12-25 08:39:18,49r
14338RR,disposeShelf,2017-12-25 09:37:18,63r
14354RR,disposeShelf,2017-12-25 09:52:18,81r
14356RR,disposeShelf,2017-12-25 09:54:18,39r
14402RR,disposeShelf,2017-12-25 11:07:18,62r
14424RR,disposeShelf,2017-12-25 11:36:18,14r
14442RR,disposeShelf,2017-12-25 12:02:18,99r
14448RR,disposeShelf,2017-12-25 12:09:18,41r
14471RR,disposeShelf,2017-12-25 12:30:18,98r
14503RR,disposeShelf,2017-12-25 13:00:18,69r
14505RR,disposeShelf,2017-12-25 13:02:18,24r
14507RR,disposeShelf,2017-12-25 13:04:18,56r
14517RR,disposeShelf,2017-12-25 13:12:18,55r
14521RR,disposeShelf,2017-12-25 13:15:18,60r
14544RR,disposeShelf,2017-12-25 13:48:18,73r
14583RR,disposeShelf,2017-12-25 14:34:18,75r
14585RR,disposeShelf,2017-12-25 14:35:18,26r
14589RR,disposeShelf,2017-12-25 14:38:18,1r
14599RR,disposeShelf,2017-12-25 14:52:18,29r
14626RR,disposeShelf,2017-12-25 15:31:18,64r
14653RR,disposeShelf,2017-12-25 15:58:18,66r
14662RR,disposeShelf,2017-12-25 16:03:18,6r
14666RR,disposeShelf,2017-12-25 16:07:18,58r
14673RR,disposeShelf,2017-12-25 16:12:18,36r
14707RR,disposeShelf,2017-12-25 16:52:18,3r
14718RR,disposeShelf,2017-12-25 17:01:18,82r
14729RR,disposeShelf,2017-12-25 17:13:18,91r
14744RR,disposeShelf,2017-12-25 17:28:18,51r
14751RR,disposeShelf,2017-12-25 17:35:18,72r
14781RR,disposeShelf,2017-12-25 18:14:18,48r
14804RR,disposeShelf,2017-12-25 18:34:18,31r
14810RR,disposeShelf,2017-12-25 18:38:18,67r
14820RR,disposeShelf,2017-12-25 18:53:18,94r
14828RR,disposeShelf,2017-12-25 19:00:18,68r
14855RR,disposeShelf,2017-12-25 19:31:18,61r
14867RR,disposeShelf,2017-12-25 19:44:18,71r
14878RR,disposeShelf,2017-12-25 19:53:18,97r
14899RR,disposeShelf,2017-12-25 20:13:18,77r
14903RR,disposeShelf,2017-12-25 20:15:18,15r
14914RR,disposeShelf,2017-12-25 20:28:18,65r
14929RR,disposeShelf,2017-12-25 20:42:18,39r
14951RR,disposeShelf,2017-12-25 21:13:18,7r
14961RR,disposeShelf,2017-12-25 21:19:18,79r
14970RR,disposeShelf,2017-12-25 21:27:18,12r
14987RR,disposeShelf,2017-12-25 21:58:18,43r
15003RR,disposeShelf,2017-12-25 22:32:18,4r
15031RR,disposeShelf,2017-12-25 23:32:18,5r
15066RR,disposeShelf,2017-12-26 00:06:18,21r
15076RR,disposeShelf,2017-12-26 00:20:18,18r
15090RR,disposeShelf,2017-12-26 00:29:18,45r
15103RR,disposeShelf,2017-12-26 00:45:18,84r
15128RR,disposeShelf,2017-12-26 01:12:18,22r
15150RR,disposeShelf,2017-12-26 01:33:18,8r
15155RR,disposeShelf,2017-12-26 01:39:18,34r
15166RR,disposeShelf,2017-12-26 01:50:18,10r
15192RR,disposeShelf,2017-12-26 02:38:18,42r
15212RR,disposeShelf,2017-12-26 03:05:18,0r
15214RR,disposeShelf,2017-12-26 03:08:18,33r
15242RR,disposeShelf,2017-12-26 04:04:18,13r
15253RR,disposeShelf,2017-12-26 04:21:18,28r
15269RR,disposeShelf,2017-12-26 04:44:18,50r
15291RR,disposeShelf,2017-12-26 05:30:18,74r
15324RR,disposeShelf,2017-12-26 06:06:18,25r
15351RR,disposeShelf,2017-12-26 06:33:18,49r
15354RR,disposeShelf,2017-12-26 06:35:18,54r
15390RR,disposeShelf,2017-12-26 07:18:18,27r
15407RR,disposeShelf,2017-12-26 07:31:18,93r
15420RR,disposeShelf,2017-12-26 07:41:18,2r
15422RR,disposeShelf,2017-12-26 07:43:18,37r
15426RR,disposeShelf,2017-12-26 07:48:18,76r
15462RR,disposeShelf,2017-12-26 08:49:18,19r
15472RR,disposeShelf,2017-12-26 09:00:18,80r
15474RR,disposeShelf,2017-12-26 09:02:18,20r
15523RR,disposeShelf,2017-12-26 10:00:18,46r
15526RR,disposeShelf,2017-12-26 10:03:18,52r
15537RR,disposeShelf,2017-12-26 10:14:18,11r
15541RR,disposeShelf,2017-12-26 10:17:18,40r
15562RR,disposeShelf,2017-12-26 10:48:18,59r
15600RR,disposeShelf,2017-12-26 11:34:18,90r
15611RR,disposeShelf,2017-12-26 11:48:18,87r
15617RR,disposeShelf,2017-12-26 11:52:18,35r
15643RR,disposeShelf,2017-12-26 12:25:18,23r
15664RR,disposeShelf,2017-12-26 12:52:18,47r
15669RR,disposeShelf,2017-12-26 12:56:18,57r
15686RR,disposeShelf,2017-12-26 13:10:18,92r
15705RR,disposeShelf,2017-12-26 13:38:18,53r
15724RR,disposeShelf,2017-12-26 13:59:18,95r
15728RR,disposeShelf,2017-12-26 14:02:18,96r
15750RR,disposeShelf,2017-12-26 14:24:18,17r
15751RR,disposeShelf,2017-12-26 14:24:18,44r
15767RR,disposeShelf,2017-12-26 14:34:18,81r
15790RR,disposeShelf,2017-12-26 14:56:18,63r
15792RR,disposeShelf,2017-12-26 14:57:18,30r
15797RR,disposeShelf,2017-12-26 15:04:18,83r
15810RR,disposeShelf,2017-12-26 15:29:18,62r
15845RR,disposeShelf,2017-12-26 16:25:18,99r
15855RR,disposeShelf,2017-12-26 16:35:18,41r
15893RR,disposeShelf,2017-12-26 17:18:18,3r
15923RR,disposeShelf,2017-12-26 17:45:18,24r
15929RR,disposeShelf,2017-12-26 17:49:18,69r
15958RR,disposeShelf,2017-12-26 18:16:18,55r
15968RR,disposeShelf,2017-12-26 18:21:18,56r
15970RR,disposeShelf,2017-12-26 18:22:18,60r
15973RR,disposeShelf,2017-12-26 18:23:18,73r
15994RR,disposeShelf,2017-12-26 18:51:18,6r
16032RR,disposeShelf,2017-12-26 19:37:18,75r
16035RR,disposeShelf,2017-12-26 19:39:18,26r
16052RR,disposeShelf,2017-12-26 20:00:18,1r
16071RR,disposeShelf,2017-12-26 20:28:18,29r
16090RR,disposeShelf,2017-12-26 20:50:18,66r
16106RR,disposeShelf,2017-12-26 21:10:18,58r
16109RR,disposeShelf,2017-12-26 21:12:18,36r
16127RR,disposeShelf,2017-12-26 21:35:18,98r
16152RR,disposeShelf,2017-12-26 22:01:18,82r
16160RR,disposeShelf,2017-12-26 22:10:18,51r
16177RR,disposeShelf,2017-12-26 22:25:18,91r
16200RR,disposeShelf,2017-12-26 22:56:18,72r
16206RR,disposeShelf,2017-12-26 23:04:18,30r
16219RR,disposeShelf,2017-12-26 23:15:18,63r
16239RR,disposeShelf,2017-12-26 23:43:18,44r
16265RR,disposeShelf,2017-12-27 00:08:18,48r
16288RR,disposeShelf,2017-12-27 00:30:18,31r
16290RR,disposeShelf,2017-12-27 00:32:18,67r
16311RR,disposeShelf,2017-12-27 00:55:18,68r
16327RR,disposeShelf,2017-12-27 01:06:18,61r
16347RR,disposeShelf,2017-12-27 01:24:18,77r
16354RR,disposeShelf,2017-12-27 01:31:18,97r
16365RR,disposeShelf,2017-12-27 01:50:18,71r
16390RR,disposeShelf,2017-12-27 02:20:18,15r
16415RR,disposeShelf,2017-12-27 02:43:18,7r
16422RR,disposeShelf,2017-12-27 02:50:18,65r
16424RR,disposeShelf,2017-12-27 02:51:18,39r
16431RR,disposeShelf,2017-12-27 02:56:18,94r
16451RR,disposeShelf,2017-12-27 03:37:18,79r
16476RR,disposeShelf,2017-12-27 04:23:18,43r
16517RR,disposeShelf,2017-12-27 05:17:18,21r
16540RR,disposeShelf,2017-12-27 05:46:18,32r
16547RR,disposeShelf,2017-12-27 05:51:18,4r
16566RR,disposeShelf,2017-12-27 06:10:18,18r
16567RR,disposeShelf,2017-12-27 06:12:18,45r
16579RR,disposeShelf,2017-12-27 06:27:18,22r
16600RR,disposeShelf,2017-12-27 07:00:18,8r
16626RR,disposeShelf,2017-12-27 07:31:18,10r
16639RR,disposeShelf,2017-12-27 07:46:18,38r
16650RR,disposeShelf,2017-12-27 07:58:18,42r
16654RR,disposeShelf,2017-12-27 08:02:18,0r
16674RR,disposeShelf,2017-12-27 08:33:18,33r
16701RR,disposeShelf,2017-12-27 09:01:18,86r
16703RR,disposeShelf,2017-12-27 09:03:18,54r
16729RR,disposeShelf,2017-12-27 09:34:18,13r
16744RR,disposeShelf,2017-12-27 09:49:18,28r
16752RR,disposeShelf,2017-12-27 09:54:18,50r
16757RR,disposeShelf,2017-12-27 10:02:18,74r
16800RR,disposeShelf,2017-12-27 11:00:18,49r
16806RR,disposeShelf,2017-12-27 11:07:18,45r
16812RR,disposeShelf,2017-12-27 11:19:18,27r
16833RR,disposeShelf,2017-12-27 11:41:18,93r
16850RR,disposeShelf,2017-12-27 12:03:18,2r
16867RR,disposeShelf,2017-12-27 12:24:18,76r
16889RR,disposeShelf,2017-12-27 12:50:18,19r
16906RR,disposeShelf,2017-12-27 13:10:18,80r
16920RR,disposeShelf,2017-12-27 13:21:18,39r
16931RR,disposeShelf,2017-12-27 13:28:18,20r
16956RR,disposeShelf,2017-12-27 14:08:18,46r
16970RR,disposeShelf,2017-12-27 14:24:18,52r
16980RR,disposeShelf,2017-12-27 14:37:18,59r
16995RR,disposeShelf,2017-12-27 14:57:18,90r
17026RR,disposeShelf,2017-12-27 15:55:18,23r
17091RR,disposeShelf,2017-12-27 17:05:18,92r
17104RR,disposeShelf,2017-12-27 17:14:18,53r
17115RR,disposeShelf,2017-12-27 17:22:18,71r
17122RR,disposeShelf,2017-12-27 17:29:18,48r
17135RR,disposeShelf,2017-12-27 17:44:18,95r
17165RR,disposeShelf,2017-12-27 18:11:18,96r
17170RR,disposeShelf,2017-12-27 18:15:18,35r
17174RR,disposeShelf,2017-12-27 18:22:18,81r
17184RR,disposeShelf,2017-12-27 18:30:18,17r
17205RR,disposeShelf,2017-12-27 19:04:18,83r
17207RR,disposeShelf,2017-12-27 19:05:18,62r
17244RR,disposeShelf,2017-12-27 19:45:18,99r
17254RR,disposeShelf,2017-12-27 19:52:18,78r
17267RR,disposeShelf,2017-12-27 20:04:18,41r
17285RR,disposeShelf,2017-12-27 20:25:18,3r
17319RR,disposeShelf,2017-12-27 21:04:18,24r
17321RR,disposeShelf,2017-12-27 21:07:18,26r
17323RR,disposeShelf,2017-12-27 21:09:18,55r
17356RR,disposeShelf,2017-12-27 21:54:18,60r
17366RR,disposeShelf,2017-12-27 22:01:18,56r
17384RR,disposeShelf,2017-12-27 22:26:18,73r
17418RR,disposeShelf,2017-12-27 23:01:18,6r
17425RR,disposeShelf,2017-12-27 23:08:18,1r
17428RR,disposeShelf,2017-12-27 23:10:18,75r
17438RR,disposeShelf,2017-12-27 23:26:18,29r
17478RR,disposeShelf,2017-12-28 00:18:18,36r
17497RR,disposeShelf,2017-12-28 00:40:18,58r
17519RR,disposeShelf,2017-12-28 00:56:18,82r
17522RR,disposeShelf,2017-12-28 00:58:18,98r
17553RR,disposeShelf,2017-12-28 01:30:18,51r
17563RR,disposeShelf,2017-12-28 01:37:18,91r
17568RR,disposeShelf,2017-12-28 01:43:18,72r
17623RR,disposeShelf,2017-12-28 02:42:18,44r
17624RR,disposeShelf,2017-12-28 02:43:18,31r
17631RR,disposeShelf,2017-12-28 02:48:18,67r
17640RR,disposeShelf,2017-12-28 02:59:18,68r
17654RR,disposeShelf,2017-12-28 03:22:18,61r
17679RR,disposeShelf,2017-12-28 03:55:18,97r
17708RR,disposeShelf,2017-12-28 04:39:18,7r
17735RR,disposeShelf,2017-12-28 05:21:18,87r
17743RR,disposeShelf,2017-12-28 05:29:18,12r
17752RR,disposeShelf,2017-12-28 05:39:18,37r
17806RR,disposeShelf,2017-12-28 06:50:18,32r
17819RR,disposeShelf,2017-12-28 07:04:18,4r
17865RR,disposeShelf,2017-12-28 07:50:18,8r
17871RR,disposeShelf,2017-12-28 07:54:18,22r
17886RR,disposeShelf,2017-12-28 08:12:18,34r
17894RR,disposeShelf,2017-12-28 08:17:18,10r
17913RR,disposeShelf,2017-12-28 08:40:18,38r
17916RR,disposeShelf,2017-12-28 08:42:18,30r
17965RR,disposeShelf,2017-12-28 09:31:18,33r
17967RR,disposeShelf,2017-12-28 09:32:18,86r
17968RR,disposeShelf,2017-12-28 09:33:18,0r
17983RR,disposeShelf,2017-12-28 09:50:18,54r
17997RR,disposeShelf,2017-12-28 10:04:18,13r
18028RR,disposeShelf,2017-12-28 11:02:18,74r
18034RR,disposeShelf,2017-12-28 11:10:18,18r
18055RR,disposeShelf,2017-12-28 11:36:18,49r
18067RR,disposeShelf,2017-12-28 11:53:18,45r
18077RR,disposeShelf,2017-12-28 12:17:18,27r
18108RR,disposeShelf,2017-12-28 12:55:18,93r
18116RR,disposeShelf,2017-12-28 13:01:18,94r
18127RR,disposeShelf,2017-12-28 13:20:18,65r
18129RR,disposeShelf,2017-12-28 13:22:18,2r
18164RR,disposeShelf,2017-12-28 14:13:18,76r
18193RR,disposeShelf,2017-12-28 14:50:18,80r
18198RR,disposeShelf,2017-12-28 14:54:18,39r
18216RR,disposeShelf,2017-12-28 15:22:18,46r
18242RR,disposeShelf,2017-12-28 16:22:18,59r
18273RR,disposeShelf,2017-12-28 16:59:18,42r
18291RR,disposeShelf,2017-12-28 17:15:18,23r
18292RR,disposeShelf,2017-12-28 17:15:18,57r
18306RR,disposeShelf,2017-12-28 17:28:18,47r
18334RR,disposeShelf,2017-12-28 18:01:18,92r
18347RR,disposeShelf,2017-12-28 18:09:18,82r
18365RR,disposeShelf,2017-12-28 18:23:18,53r
18385RR,disposeShelf,2017-12-28 18:44:18,90r
18399RR,disposeShelf,2017-12-28 18:54:18,71r
18404RR,disposeShelf,2017-12-28 18:59:18,48r
18426RR,disposeShelf,2017-12-28 19:20:18,96r
18433RR,disposeShelf,2017-12-28 19:24:18,95r
18480RR,disposeShelf,2017-12-28 20:30:18,17r
18500RR,disposeShelf,2017-12-28 20:51:18,62r
18510RR,disposeShelf,2017-12-28 21:06:18,99r
18520RR,disposeShelf,2017-12-28 21:12:18,78r
18526RR,disposeShelf,2017-12-28 21:27:18,73r
18547RR,disposeShelf,2017-12-28 22:03:18,3r
18553RR,disposeShelf,2017-12-28 22:09:18,41r
18587RR,disposeShelf,2017-12-28 22:49:18,26r
18589RR,disposeShelf,2017-12-28 22:51:18,69r
18611RR,disposeShelf,2017-12-28 23:37:18,60r
18620RR,disposeShelf,2017-12-28 23:49:18,56r
18630RR,disposeShelf,2017-12-29 00:07:18,78r
18669RR,disposeShelf,2017-12-29 00:58:18,35r
18672RR,disposeShelf,2017-12-29 01:01:18,6r
18694RR,disposeShelf,2017-12-29 01:28:18,1r
18696RR,disposeShelf,2017-12-29 01:30:18,75r
18721RR,disposeShelf,2017-12-29 02:09:18,29r
18744RR,disposeShelf,2017-12-29 02:35:18,36r
18760RR,disposeShelf,2017-12-29 02:50:18,98r
18771RR,disposeShelf,2017-12-29 03:01:18,23r
18783RR,disposeShelf,2017-12-29 03:19:18,51r
18811RR,disposeShelf,2017-12-29 03:50:18,91r
18813RR,disposeShelf,2017-12-29 03:53:18,72r
18822RR,disposeShelf,2017-12-29 04:03:18,63r
18846RR,disposeShelf,2017-12-29 04:32:18,44r
18869RR,disposeShelf,2017-12-29 05:00:18,31r
18876RR,disposeShelf,2017-12-29 05:05:18,58r
18883RR,disposeShelf,2017-12-29 05:15:18,67r
18888RR,disposeShelf,2017-12-29 05:22:18,68r
18924RR,disposeShelf,2017-12-29 06:25:18,61r
18930RR,disposeShelf,2017-12-29 06:33:18,97r
18945RR,disposeShelf,2017-12-29 07:00:18,7r
18977RR,disposeShelf,2017-12-29 07:56:18,37r
19013RR,disposeShelf,2017-12-29 08:31:18,5r
19026RR,disposeShelf,2017-12-29 08:41:18,8r
19028RR,disposeShelf,2017-12-29 08:42:18,32r
19045RR,disposeShelf,2017-12-29 08:55:18,4r
19054RR,disposeShelf,2017-12-29 09:04:18,34r
19067RR,disposeShelf,2017-12-29 09:22:18,22r
19100RR,disposeShelf,2017-12-29 10:05:18,10r
19112RR,disposeShelf,2017-12-29 10:22:18,38r
19133RR,disposeShelf,2017-12-29 10:58:18,33r
19168RR,disposeShelf,2017-12-29 11:46:18,13r
19176RR,disposeShelf,2017-12-29 11:53:18,28r
19183RR,disposeShelf,2017-12-29 12:02:18,5r
19207RR,disposeShelf,2017-12-29 12:34:18,50r
19227RR,disposeShelf,2017-12-29 12:59:18,18r
19242RR,disposeShelf,2017-12-29 13:11:18,45r
19255RR,disposeShelf,2017-12-29 13:31:18,27r
19266RR,disposeShelf,2017-12-29 13:44:18,93r
19317RR,disposeShelf,2017-12-29 15:02:18,19r
19318RR,disposeShelf,2017-12-29 15:04:18,2r
19334RR,disposeShelf,2017-12-29 15:16:18,87r
19344RR,disposeShelf,2017-12-29 15:26:18,80r
19352RR,disposeShelf,2017-12-29 15:39:18,76r
19362RR,disposeShelf,2017-12-29 15:50:18,39r
19385RR,disposeShelf,2017-12-29 16:27:18,46r
19396RR,disposeShelf,2017-12-29 16:44:18,52r
19426RR,disposeShelf,2017-12-29 17:32:18,57r
19449RR,disposeShelf,2017-12-29 17:52:18,12r
19457RR,disposeShelf,2017-12-29 18:03:18,82r
19467RR,disposeShelf,2017-12-29 18:08:18,92r
19472RR,disposeShelf,2017-12-29 18:23:18,53r
19486RR,disposeShelf,2017-12-29 18:52:18,90r
19516RR,disposeShelf,2017-12-29 19:29:18,71r
19537RR,disposeShelf,2017-12-29 19:53:18,48r
19547RR,disposeShelf,2017-12-29 20:04:18,95r
19561RR,disposeShelf,2017-12-29 20:18:18,83r
19563RR,disposeShelf,2017-12-29 20:20:18,81r
19586RR,disposeShelf,2017-12-29 21:09:18,17r
19610RR,disposeShelf,2017-12-29 21:45:18,99r
19627RR,disposeShelf,2017-12-29 22:12:18,73r
19641RR,disposeShelf,2017-12-29 22:30:18,41r
19662RR,disposeShelf,2017-12-29 22:49:18,26r
19672RR,disposeShelf,2017-12-29 22:57:18,69r
19681RR,disposeShelf,2017-12-29 23:05:18,3r
19709RR,disposeShelf,2017-12-29 23:41:18,60r
19723RR,disposeShelf,2017-12-30 00:00:18,56r
19756RR,disposeShelf,2017-12-30 00:34:18,6r
19762RR,disposeShelf,2017-12-30 00:37:18,82r
19763RR,disposeShelf,2017-12-30 00:37:18,42r
19784RR,disposeShelf,2017-12-30 01:00:18,75r
19796RR,disposeShelf,2017-12-30 01:18:18,48r
19803RR,disposeShelf,2017-12-30 01:22:18,1r
19819RR,disposeShelf,2017-12-30 01:46:18,29r
19837RR,disposeShelf,2017-12-30 02:05:18,46r
19852RR,disposeShelf,2017-12-30 02:20:18,36r
19880RR,disposeShelf,2017-12-30 02:53:18,23r
19882RR,disposeShelf,2017-12-30 02:54:18,98r
19901RR,disposeShelf,2017-12-30 03:25:18,51r
19916RR,disposeShelf,2017-12-30 03:45:18,72r
19939RR,disposeShelf,2017-12-30 04:23:18,44r
19963RR,disposeShelf,2017-12-30 04:58:18,31r
19982RR,disposeShelf,2017-12-30 05:33:18,67r
19995RR,disposeShelf,2017-12-30 05:46:18,58r
20006RR,disposeShelf,2017-12-30 05:59:18,68r
20037RR,disposeShelf,2017-12-30 06:28:18,2r
20041RR,disposeShelf,2017-12-30 06:31:18,61r
20043RR,disposeShelf,2017-12-30 06:33:18,97r
20050RR,disposeShelf,2017-12-30 06:42:18,7r
20072RR,disposeShelf,2017-12-30 07:17:18,79r
20090RR,disposeShelf,2017-12-30 07:42:18,37r
20096RR,disposeShelf,2017-12-30 07:51:18,8r
20115RR,disposeShelf,2017-12-30 08:28:18,4r
20142RR,disposeShelf,2017-12-30 09:23:18,32r
20151RR,disposeShelf,2017-12-30 09:32:18,86r
20168RR,disposeShelf,2017-12-30 09:59:18,10r
20217RR,disposeShelf,2017-12-30 11:21:18,13r
20221RR,disposeShelf,2017-12-30 11:23:18,28r
20231RR,disposeShelf,2017-12-30 11:36:18,5r
20252RR,disposeShelf,2017-12-30 12:16:18,50r
20277RR,disposeShelf,2017-12-30 13:05:18,45r
20325RR,disposeShelf,2017-12-30 14:27:18,87r
20345RR,disposeShelf,2017-12-30 14:41:18,33r
20350RR,disposeShelf,2017-12-30 14:47:18,76r
20359RR,disposeShelf,2017-12-30 14:55:18,80r
20373RR,disposeShelf,2017-12-30 15:07:18,91r
20377RR,disposeShelf,2017-12-30 15:10:18,39r
20414RR,disposeShelf,2017-12-30 15:53:18,78r
20423RR,disposeShelf,2017-12-30 16:00:18,57r
20426RR,disposeShelf,2017-12-30 16:03:18,52r
20444RR,disposeShelf,2017-12-30 16:24:18,12r
20454RR,disposeShelf,2017-12-30 16:37:18,53r
20478RR,disposeShelf,2017-12-30 17:12:18,90r
20513RR,disposeShelf,2017-12-30 17:44:18,71r
20532RR,disposeShelf,2017-12-30 18:04:18,83r
20536RR,disposeShelf,2017-12-30 18:07:18,95r
20544RR,disposeShelf,2017-12-30 18:16:18,81r
20560RR,disposeShelf,2017-12-30 18:38:18,99r
20566RR,disposeShelf,2017-12-30 18:46:18,17r
20594RR,disposeShelf,2017-12-30 19:28:18,41r
20606RR,disposeShelf,2017-12-30 19:41:18,26r
20636RR,disposeShelf,2017-12-30 20:20:18,69r
20638RR,disposeShelf,2017-12-30 20:22:18,60r
20674RR,disposeShelf,2017-12-30 21:07:18,6r
20682RR,disposeShelf,2017-12-30 21:13:18,56r
20701RR,disposeShelf,2017-12-30 21:45:18,75r
20718RR,disposeShelf,2017-12-30 22:14:18,1r
20737RR,disposeShelf,2017-12-30 22:38:18,46r
20755RR,disposeShelf,2017-12-30 22:56:18,36r
20770RR,disposeShelf,2017-12-30 23:23:18,23r
20808RR,disposeShelf,2017-12-31 00:43:18,51r
20819RR,disposeShelf,2017-12-31 00:50:18,31r
20825RR,disposeShelf,2017-12-31 01:03:18,49r
20839RR,disposeShelf,2017-12-31 01:28:18,67r
20863RR,disposeShelf,2017-12-31 02:02:18,58r
20882RR,disposeShelf,2017-12-31 02:34:18,68r
20891RR,disposeShelf,2017-12-31 02:44:18,38r
20928RR,disposeShelf,2017-12-31 03:26:18,82r
20934RR,disposeShelf,2017-12-31 03:36:18,7r
20944RR,disposeShelf,2017-12-31 03:46:18,97r
20962RR,disposeShelf,2017-12-31 04:04:18,37r
20978RR,disposeShelf,2017-12-31 04:26:18,8r
20992RR,disposeShelf,2017-12-31 04:43:18,32r
21018RR,disposeShelf,2017-12-31 05:20:18,86r
21037RR,disposeShelf,2017-12-31 05:43:18,10r
21055RR,disposeShelf,2017-12-31 05:58:18,28r
21063RR,disposeShelf,2017-12-31 06:08:18,5r
21076RR,disposeShelf,2017-12-31 06:16:18,50r
21095RR,disposeShelf,2017-12-31 06:37:18,45r
21111RR,disposeShelf,2017-12-31 06:50:18,44r
21130RR,disposeShelf,2017-12-31 07:07:18,27r
21142RR,disposeShelf,2017-12-31 07:23:18,69r
21152RR,disposeShelf,2017-12-31 07:35:18,76r
21156RR,disposeShelf,2017-12-31 07:37:18,33r
21190RR,disposeShelf,2017-12-31 08:37:18,91r
21204RR,disposeShelf,2017-12-31 08:56:18,39r
21219RR,disposeShelf,2017-12-31 09:07:18,78r
21243RR,disposeShelf,2017-12-31 09:32:18,57r
21264RR,disposeShelf,2017-12-31 09:56:18,52r
21267RR,disposeShelf,2017-12-31 09:59:18,12r
21282RR,disposeShelf,2017-12-31 10:23:18,53r
21322RR,disposeShelf,2017-12-31 11:24:18,83r
21324RR,disposeShelf,2017-12-31 11:25:18,95r
21359RR,disposeShelf,2017-12-31 12:05:18,17r
21415RR,disposeShelf,2017-12-31 13:12:18,26r
21423RR,disposeShelf,2017-12-31 13:19:18,76r
21429RR,disposeShelf,2017-12-31 13:27:18,39r
21438RR,disposeShelf,2017-12-31 13:34:18,60r
21445RR,disposeShelf,2017-12-31 13:39:18,91r
21473RR,disposeShelf,2017-12-31 14:18:18,56r
21488RR,disposeShelf,2017-12-31 14:31:18,75r
21490RR,disposeShelf,2017-12-31 14:33:18,1r
21514RR,disposeShelf,2017-12-31 15:05:18,46r
21557RR,disposeShelf,2017-12-31 16:06:18,23r
21558RR,disposeShelf,2017-12-31 16:07:18,32r
21577RR,disposeShelf,2017-12-31 16:26:18,51r
21603RR,disposeShelf,2017-12-31 17:00:18,31r
21622RR,disposeShelf,2017-12-31 17:14:18,49r
21626RR,disposeShelf,2017-12-31 17:18:18,67r
21640RR,disposeShelf,2017-12-31 17:33:18,58r
21667RR,disposeShelf,2017-12-31 18:02:18,68r
21683RR,disposeShelf,2017-12-31 18:16:18,82r
21691RR,disposeShelf,2017-12-31 18:25:18,38r
21704RR,disposeShelf,2017-12-31 18:39:18,97r
21720RR,disposeShelf,2017-12-31 19:02:18,7r
21745RR,disposeShelf,2017-12-31 19:37:18,8r
21758RR,disposeShelf,2017-12-31 19:57:18,32r
21777RR,disposeShelf,2017-12-31 20:30:18,5r
21786RR,disposeShelf,2017-12-31 20:42:18,28r
21808RR,disposeShelf,2017-12-31 21:29:18,60r
21824RR,disposeShelf,2017-12-31 21:48:18,45r
21843RR,disposeShelf,2017-12-31 22:14:18,27r
21852RR,disposeShelf,2017-12-31 22:32:18,44r
21862RR,disposeShelf,2017-12-31 22:50:18,69r
21881RR,disposeShelf,2017-12-31 23:17:18,80r
21904RR,disposeShelf,2017-12-31 23:52:18,99r
21915RR,disposeShelf,2018-01-01 00:02:18,78r
21932RR,disposeShelf,2018-01-01 00:47:18,57r
21961RR,disposeShelf,2018-01-01 01:37:18,83r
21983RR,disposeShelf,2018-01-01 02:01:18,17r
21994RR,disposeShelf,2018-01-01 02:10:18,95r
21996RR,disposeShelf,2018-01-01 02:12:18,41r
22032RR,disposeShelf,2018-01-01 03:30:18,39r
22040RR,disposeShelf,2018-01-01 03:42:18,91r
22049RR,disposeShelf,2018-01-01 03:58:18,56r
22071RR,disposeShelf,2018-01-01 04:44:18,1r
22099RR,disposeShelf,2018-01-01 05:20:18,36r
22113RR,disposeShelf,2018-01-01 05:33:18,23r
22117RR,disposeShelf,2018-01-01 05:40:18,51r
22135RR,disposeShelf,2018-01-01 06:12:18,31r
22161RR,disposeShelf,2018-01-01 06:49:18,49r
22173RR,disposeShelf,2018-01-01 07:05:18,68r
22195RR,disposeShelf,2018-01-01 07:34:18,82r
22211RR,disposeShelf,2018-01-01 07:57:18,38r
22236RR,disposeShelf,2018-01-01 08:33:18,97r
22247RR,disposeShelf,2018-01-01 08:46:18,8r
22270RR,disposeShelf,2018-01-01 09:10:18,32r
22272RR,disposeShelf,2018-01-01 09:13:18,86r
22297RR,disposeShelf,2018-01-01 09:42:18,28r
22310RR,disposeShelf,2018-01-01 10:00:18,60r
22336RR,disposeShelf,2018-01-01 10:34:18,27r
22346RR,disposeShelf,2018-01-01 10:39:18,45r
22376RR,disposeShelf,2018-01-01 11:11:18,69r
22386RR,disposeShelf,2018-01-01 11:23:18,44r
22400RR,disposeShelf,2018-01-01 11:40:18,99r
22412RR,disposeShelf,2018-01-01 11:51:18,80r
22433RR,disposeShelf,2018-01-01 12:23:18,83r
22446RR,disposeShelf,2018-01-01 12:32:18,57r
22476RR,disposeShelf,2018-01-01 13:03:18,95r
22479RR,disposeShelf,2018-01-01 13:05:18,41r
22488RR,disposeShelf,2018-01-01 13:17:18,39r
22504RR,disposeShelf,2018-01-01 13:32:18,91r
22515RR,disposeShelf,2018-01-01 13:44:18,56r
22554RR,disposeShelf,2018-01-01 14:34:18,78r
22555RR,disposeShelf,2018-01-01 14:35:18,1r
22569RR,disposeShelf,2018-01-01 15:06:18,23r
22601RR,disposeShelf,2018-01-01 16:05:18,68r
22626RR,disposeShelf,2018-01-01 16:29:18,57r
22644RR,disposeShelf,2018-01-01 16:45:18,38r
22648RR,disposeShelf,2018-01-01 16:48:18,97r
22668RR,disposeShelf,2018-01-01 17:14:18,8r
22680RR,disposeShelf,2018-01-01 17:25:18,32r
22717RR,disposeShelf,2018-01-01 18:06:18,86r
22722RR,disposeShelf,2018-01-01 18:09:18,5r
22737RR,disposeShelf,2018-01-01 18:25:18,28r
22739RR,disposeShelf,2018-01-01 18:27:18,60r
22741RR,disposeShelf,2018-01-01 18:29:18,27r
22767RR,disposeShelf,2018-01-01 19:22:18,44r
22799RR,disposeShelf,2018-01-01 20:05:18,99r
22804RR,disposeShelf,2018-01-01 20:18:18,38r
22822RR,disposeShelf,2018-01-01 20:51:18,83r
22860RR,disposeShelf,2018-01-01 21:38:18,41r
22875RR,disposeShelf,2018-01-01 21:55:18,39r
22887RR,disposeShelf,2018-01-01 22:19:18,91r
22893RR,disposeShelf,2018-01-01 22:25:18,56r
22925RR,disposeShelf,2018-01-01 23:19:18,80r
22926RR,disposeShelf,2018-01-01 23:21:18,23r
22959RR,disposeShelf,2018-01-02 00:15:18,68r
22973RR,disposeShelf,2018-01-02 00:32:18,57r
22992RR,disposeShelf,2018-01-02 01:11:18,8r
23008RR,disposeShelf,2018-01-02 01:49:18,86r
23029RR,disposeShelf,2018-01-02 02:29:18,97r
23046RR,disposeShelf,2018-01-02 03:09:18,27r
23064RR,disposeShelf,2018-01-02 03:56:18,38r
23108RR,disposeShelf,2018-01-02 05:57:18,23r
23137RR,disposeShelf,2018-01-02 06:51:18,57r
23143RR,disposeShelf,2018-01-02 06:57:18,86r
23166RR,disposeShelf,2018-01-02 07:26:18,97r
23185RR,disposeShelf,2018-01-02 07:52:18,27r
23194RR,disposeShelf,2018-01-02 08:00:18,91r
23208RR,disposeShelf,2018-01-02 08:22:18,23r
23232RR,disposeShelf,2018-01-02 08:51:18,86r
23234RR,disposeShelf,2018-01-02 08:54:18,57r
23269RR,disposeShelf,2018-01-02 09:56:18,97r
23280RR,disposeShelf,2018-01-02 10:04:18,27r
23293RR,disposeShelf,2018-01-02 10:30:18,23r
